-- seed.sql
-- Run this in your Neon SQL Editor to inject dummy data

-- Clear out existing data (if any) and reset IDs
TRUNCATE TABLE FuelLogs, MaintenanceLogs, Trips, Drivers, Vehicles, Users RESTART IDENTITY CASCADE;

-- 1. Insert Users (Password is 'password123' for all)
-- (Note: The password hashes shown here match "password123" generated by bcrypt)
INSERT INTO Users (name, email, password_hash, role) VALUES 
('Admin Alice', 'admin@fleet.com', '$2b$10$T8Z/mJk/GInR.kQGkS46Tuv8r.c3FpYtWn4P3Hk3Q6Yp7K.H62X.a', 'Manager'),
('Dispatch Dave', 'dave@fleet.com', '$2b$10$T8Z/mJk/GInR.kQGkS46Tuv8r.c3FpYtWn4P3Hk3Q6Yp7K.H62X.a', 'Dispatcher'),
('Safety Sam', 'sam@fleet.com', '$2b$10$T8Z/mJk/GInR.kQGkS46Tuv8r.c3FpYtWn4P3Hk3Q6Yp7K.H62X.a', 'SafetyOfficer'),
('Finance Fiona', 'fiona@fleet.com', '$2b$10$T8Z/mJk/GInR.kQGkS46Tuv8r.c3FpYtWn4P3Hk3Q6Yp7K.H62X.a', 'FinancialAnalyst');

-- 2. Insert Vehicles
INSERT INTO Vehicles (model_name, license_plate, vehicle_type, max_capacity_kg, odometer, status, acquisition_cost) VALUES 
('Ford Transit', 'VAN-001', 'Van', 1500, 12500.50, 'Available', 35000),
('Mercedes Sprinter', 'VAN-002', 'Van', 1800, 4500.00, 'Available', 42000),
('Volvo FH16', 'TRK-001', 'Truck', 14000, 85000.00, 'OnTrip', 125000),
('Honda Activa', 'BIK-001', 'Bike', 50, 600.00, 'InShop', 1500);

-- 3. Insert Drivers
INSERT INTO Drivers (name, license_number, license_expiry_date, safety_score, status) VALUES 
('John Smith', 'DL-12345', '2028-05-15', 98, 'OffDuty'),
('Sarah Connor', 'DL-67890', '2027-11-20', 100, 'OnDuty'),
('Mike Wazowski', 'DL-11111', '2030-01-01', 85, 'OnDuty'),
('Banned Bob', 'DL-99999', '2022-01-01', 40, 'Suspended'); -- Expired license, suspended

-- 4. Insert Trips
INSERT INTO Trips (vehicle_id, driver_id, cargo_weight, start_location, end_location, status, start_odometer, end_odometer) VALUES 
(1, 1, 1200, 'Warehouse A', 'Client Z', 'Completed', 12100.00, 12500.50),
(3, 2, 8000, 'Factory 1', 'Port City', 'Dispatched', 84000.00, NULL),
(2, 3, 500, 'Store 5', 'Store 12', 'Draft', 4500.00, NULL);

-- 5. Insert Maintenance Logs
INSERT INTO MaintenanceLogs (vehicle_id, description, cost, service_date) VALUES 
(1, 'Regular Oil Change', 150.00, '2023-11-01'),
(1, 'New Tires (Set of 4)', 600.00, '2024-01-15'),
(3, 'Engine Tune-up', 1200.00, '2024-02-10'),
(4, 'Accident Repair', 450.00, '2024-02-18'); -- Bike is currently InShop

-- 6. Insert Fuel Logs
INSERT INTO FuelLogs (vehicle_id, trip_id, liters, cost, log_date) VALUES 
(1, 1, 45.5, 68.25, '2024-02-01'),
(1, NULL, 50.0, 75.00, '2024-02-15'),
(3, 2, 200.0, 310.00, '2024-02-19'),
(2, 3, 30.0, 45.00, '2024-02-20');
